-- phpMyAdmin SQL Dump
-- version 3.2.2
-- http://www.phpmyadmin.net
--
-- โฮสต์: localhost
-- เวลาในการสร้าง: 20 ก.ย. 2009  17:46น.
-- รุ่นของเซิร์ฟเวอร์: 5.0.81
-- รุ่นของ PHP: 5.2.11

SET SQL_MODE="NO_AUTO_VALUE_ON_ZERO";


/*!40101 SET @OLD_CHARACTER_SET_CLIENT=@@CHARACTER_SET_CLIENT */;
/*!40101 SET @OLD_CHARACTER_SET_RESULTS=@@CHARACTER_SET_RESULTS */;
/*!40101 SET @OLD_COLLATION_CONNECTION=@@COLLATION_CONNECTION */;
/*!40101 SET NAMES utf8 */;

--
-- ฐานข้อมูล: `comscixv_php`
--

-- --------------------------------------------------------

--
-- โครงสร้างตาราง `board`
--

CREATE TABLE IF NOT EXISTS `board` (
  `webboard_id` int(4) NOT NULL auto_increment,
  `category` int(4) NOT NULL,
  `topic` varchar(100) NOT NULL,
  `detail` text NOT NULL,
  `postdate` date NOT NULL,
  `update_date` varchar(20) default NULL,
  `view` int(5) NOT NULL default '0',
  `post` varchar(50) NOT NULL,
  `member` int(4) NOT NULL default '0',
  PRIMARY KEY  (`webboard_id`)
) ENGINE=MyISAM  DEFAULT CHARSET=tis620 AUTO_INCREMENT=25 ;

--
-- dump ตาราง `board`
--

INSERT INTO `board` (`webboard_id`, `category`, `topic`, `detail`, `postdate`, `update_date`, `view`, `post`, `member`) VALUES
(16, 2, 'โปรแกรมเมอร์คนแรกของโลก', 'Augusta Lovelace Ada คือ โปรแกรมเมอร์คนแรกของโลก Edsger Wybe Dijkstra ใช้คำว่า โปรแกรมเมอร์ (Programmer) กับโลกของคอมพิวเตอร์เป็นคนแรก Edsger Wybe Dijkstra เป็น theoretical physicist และเสียชีวิตด้วยโรคมะเร็ง 6 ส.ค. 2002 (อายุ 72 ปี', '2009-09-07', '1252398915', 6, 'admin', 1),
(17, 1, 'หุ่นยนต์จีน', 'หุ่นยนต์จีน ลูกค้าชาวจีนมองดูหุ่นยนต์ที่ผลิตในจีน ในชุดประจำชาติทำหน้าที่เป็นพนักงานต้อนรับประจำห้างสรรพสินค้าในกรุงปักกิ่ง\r\n\r\nรุ่นใหม่ นางแบบอินเดีย โพสท่าถ่ายรูปกับโทรศัพท์มือถือโนเกีย 5230 ในงานแถลงข่าวเปิดตัวผลิตภัณฑ์ที่นิวเดลี อินเดีย โทรศัพท์มือถือ 5230 จอระบบสัมผัสจะวางขายในอินเดียราคาประมาณ 10,000 รูปี\r\n\r\nดีไซน์หรู เอเซอร์ เปิดตัว แอลซีดี มอนิเตอร์ ไวด์สกรีน ตระกูลใหม่ล่าสุด เอช5 ซีรี่ส์ (H5 Series) ดีไซน์หรู ออกแบบโดยได้รับแรงบันดาลใจมาจากแก้วแชมเปญ ใช้ปุ่มเมนูแบบสัมผัส หน้าจอขนาด 23 นิ้ว ความละเอียดภาพ 1920x1080 ความเร็วตอบสนอง 2 มิลลิวินาที\r\n\r\n', '2009-09-08', '1252399218', 11, 'admin', 1),
(18, 2, 'MSN', ' :: ผู้เชี่ยวชาญจาก Fortinet ได้เตือนให้ผู้ใช้ MSN ทั้งหลาย ระวังเว็บไซต์หลอกลวง โดยเฉพาะ Phishing site ผู้ใช้อาจหลงกลให้ User Name และ Password ไปแล้วก็ได้โดยไม่รู้ตัวว่าได้ตกเป็นเหยื่อล่อจากการกระทำของผู้ใช้งานเอง \r\n \r\n  [ ลิงค์ ] :: http://content.kapook.com/content/publish/article_41057.shtml \r\n', '2009-09-08', '1252400762', 5, 'admin', 1),
(19, 5, 'liverpooi', 'ราฟาเอล เบนิเตซ นายใหญ่ "หงส์แดง" ลิเวอร์พูล กระตุ้น อัลเบิร์ต ริเอร่า กับ ไรอัน บาเบล อยากลงสนามก็ต้องพิสูจน์ตัวเอง พร้อมเชื่อว่าเป็นเรื่องดีสำหรับทีม ที่มีนักเตะแย่งตำแหน่งกันลง เหตุแต่ละคนต่างอยากได้โอกาสโชว์ฟอร์ม ลุ้นติดทีมชาติไปเล่นฟุตบอลโลก ปีหน้า\r\n\r\n  \r\n \r\nราฟาเอล เบนิเตซ ผู้จัดการทีมชาวสเปนของ ลิเวอร์พูล ยักษ์ใหญ่แห่งศึกพรีเมียร์ลีก อังกฤษ เผยเป็นเรื่องดีที่ อัลเบิร์ต ริเอร่า และ ไรอัน บาเบล ต้องแย่งตำแหน่งกัน เพราะเป็นการช่วยพัฒนาฝีเท้าของนักเตะ และทำให้ทีมได้รับประโยชน์อย่างมากมาย \r\n \r\nราฟา กล่าวว่า "ทั้ง อัลเบิร์ต และ ไรอัน ต่างอยากลงเล่น พวกเขาเล่นในตำแหน่งเดียวกัน และจำเป็นต้องแย่งตำแหน่งกันเอง ซึ่งเป็นเรื่องดีสำหรับเรา ยกตัวอย่างง่ายๆ ก็คือเวลาอยู่ในสนามนักเตะทุกคนต้องพิสูจน์ตัวเอง ไรอัน รู้ว่าตอนนี้เขายังไม่ควรย้ายทีม ดังนั้นเขาต้องสร้างความประทับใจ เขาเป็นนักเตะที่ดี และเรารู้ว่าเขามีพรสวรรค์" \r\n \r\n"เป็นเรื่องสำคัญที่เราจะต้องพูดคุยกับเขา และดูว่าเขาพัฒนาขึ้นมากแค่ไหนในช่วงหลายเดือน ด้วยการที่จะมี ฟุตบอลโลก หลังจากจบฤดูกาลนี้ นักเตะส่วนใหญ่ของเราเลยอยากสร้างผลงานที่น่าประทับใจ และถ้าหากพวกเขาทำได้ดีในแต่ละช่วงการซ้อม พวกเขาก็มีโอกาส" อดีตกุนซือบาเลนเซีย ระบุ\r\n', '2009-09-08', '1252400692', 5, 'admin', 1),
(20, 5, 'AIRPod รถพลัง"ลมอัด"ซี่งได้ไร้มลพิษ', '[เอ.อาร์.ไอ.พี, www.arip.co.th] รายงานข่าวเทคโนโลยีวันนี้ นอกจากรถยนต์พลังงานทางเลือกที่ใช้ไฟฟ้า หรือไฮโดรเจนในการขับเคลื่อนมอเตอร์แล้ว พลัง"ลมอัด" (Compressed Air) เป็นอีกทางเลือกหนึ่งของพลังงานที่สามารถนำมาใช้กับยนตกรรมแห่งอนาคตได้อีกทางหนึ่ง ล่าสุดคุณเองก็สามารถเป็นเจ้าของรถยนต์พลังลมอัดได้แล้ว\r\nAIRPod รถยนต์ขนาดคอมแพคที่มีดีไซน์น่ารักแปลกตา แต่ไม่ใช่แค่รูปลักษณ์ของมันเท่านั้น กลไกการทำงานของมันยังไม่ธรรมดาอีกด้วย AIRPod เป็นรถยนต์ที่มี 3 - 4ที่นั่ง ขับเคลื่อนโดยใช้พลังงาน"ลมอัด"(Compressed air) สามารถวิ่งได้ระยะทางไกลสุด 140 ไมล์ (225 กิโลเมตร) ต่อการชาร์จหนึ่งครั้ง ความเร็วที่ AIRPod ทำได้ 45 - 70 กิโลเมตรต่อชั่วโมง โดยถังอัดลม 46 แกลลอนสามารถชาร์จให้เต็มได้ภายใน 8 ชั่วโมง แต่ถ้าไปที่ปั๊มอากาศจะใช้เวลาแค่ 2 นาทีเท่านั้น AIRPod มีวางจำหน่ายแล้ว ในราคา 7,500 เหรียญฯ (ประมาณ 260,000 บาท) โดยบริษัท MDI น่าสนใจแค่ไหนต้องลองชมคลิปวิดีโอที่นำมาฝากข้างล่างนี้ครับ\r\n\r\n\r\n', '2009-09-08', NULL, 0, 'toptap', 1),
(21, 2, 'โทรจัน Skype ขโมย"เสียง"ขณะเมาท์ได้', 'เอ.อาร์.ไอ.พี, www.arip.co.th] สำนักข่าวเอพีรายงานว่า พบโทรจัน"สไกป์" (Skype) บริการฮัลโหลผ่านอินเทอร์เน็ตที่สามารถบันทึกเสียงการสนทนาของผู้ใช้คอมพิวเตอร์ที่ติดมันเข้าไปได้ โดยมัลแวร์ตัวนี้จะมีนิสัยชอบแฉเรื่องเมาท์ของชาวบ้านจริงๆ เพราะมันจะบันทึกเสียงที่ได้โดยจัดเก็บเป็นไฟล์ MP3 และอีเมล์ไปยังคอมพิวเตอร์เครื่องอื่นๆ\r\nแฮคเกอร์ที่พัฒนาเจ้าโทรจันตัวนี้จะใช้วิธีการดักการทำงานของระบบปฏิบัติการ เพื่อบันทึกข้อมูลเสียงที่เกิดขึ้นก่อนที่มันจะถูกเข้ารหัส (encrypted) โดยสไกป์ สำหรับประเด็นของมัลแวร์ดังกล่าว Mudge อดีตแฮคเกอร์ทีรู้จักกันในนาม Peiter Zatko ที่ปัจจุบันผันตัวเองเป็นนักวิจัยระบบรักษาความปลอดภัยที่ BBN Technologies กล่าวว่า วิธีที่โทรจัน Skype ตัวนี้ใช้ในการแอบบันทึกเสียง ไม่ใช่วิธีใหม่เลย เพราะมันไม่ต่างจากวิธีที่แฮคเกอร์ใช้ขโมยข้อมูลธนาคารด้วยการบันทึกการกดคีย์บอร์ดของเหยื่อนั่นเอง\r\n\r\nการที่มัลแวร์สามารถทำงานในลักษณะนี้ได้นั้นเป็นผลมาจากการทำหลายงานพร้อมกันของคอมพิวเตอร์ ผู้ใช้ต้องการรันแอพพลิเคชันหลายตัว ซึ่งมีความต้องการของระบบรักษาความปลอดภัยไม่เท่ากัน (บางแอพฯก็อาจจะมีช่องโหว่อยู่ แต่ถูกเรียกให้ทำงานอยู่ในระบบ) แต่ระบบปฏิบัติการก็ไม่ได้ใส่ใจแอพฯพวกนี้มากนัก "คุณจะรู้สึกแฮปปี้ไหม ถ้าหากสามารถเล่นวิดีโอเกมส์ และฟังเพลงออนไลน์ได้จากตู้ ATM? ผมคนหนึ่งล่ะที่จะรู้สึกไม่สนุกด้วยอย่างแน่นอน เพราะสิ่งที่ผมต้องการคือ ระบบจะต้องจัดการเรื่องธุรกรรมของลูกค้าเท่านั้น (แทนที่มันจะไปทำอย่างอื่นด้วยที่ไม่ใช่หน้าที่ของมัน)" Mudge กล่าว\r\n\r\nในรายงานข่าวยังระบุกอีกด้วยว่า ปัจจุบันมีผู้ใช้ Skype ทั่วโลกกว่า 480 ล้านราย อย่างไรก็ตาม โทรจันสไกป์จะทำงานกับเหยื่อที่เป็นเป้าหมายที่ชัดเจนมากกว่าแพร่กระจายไปทั่ว แต่คุณผู้อ่านทีใช้โปรแกรมประเภทนี้อยู่ก็ไม่ควรประมาท สำหรับการป้องกันตนเองให้พ้นจากมัลแวร์พวกนี้ก็ยังคงเหมือนเดิม นั่นก็คือ อย่าเปิดไฟล์แนบจากผู้ส่งที่ไม่รู้จัก และควรติดตั้ง และอัพเดตโปรแกรมแอนตี้ไวรัสอย่างสม่ำเสมอ \r\n', '2009-09-08', '1252916350', 3, 'toptap', 1),
(22, 2, 'เงื่อนไข IF - ELSE', 'IF ( เงื่อนไข ){\r\n // คำสั่ง\r\n} ELSE {\r\n// คำสั่ง\r\n}', '2009-09-10', '1252916439', 7, 'admin', 1),
(23, 5, 'เขาพระวิหาร', 'คดีปราสาทเขาพระวิหาร เป็นความขัดแย้งระหว่างราชอาณาจักรกัมพูชากับราชอาณาจักรไทย ซึ่งเริ่มเกิดขึ้นเมื่อปี พ.ศ. 2501 ในการอ้างสิทธิเหนือบริเวณปราสาทเขาพระวิหาร ซึ่งตั้งอยู่ที่ชายแดนไทยด้านอำเภอกันทรลักษ์ จังหวัดศรีสะเกษ และชายแดนกัมพูชาด้านจังหวัดพระวิหาร ปัญหาดังกล่าวเกิดจากการที่ทั้งไทยและกัมพูชา ถือแผนที่ปักปันเขตแดนตามแนวสันปันน้ำของเทือกเขาพนมดงรักคนละฉบับ ทำให้เกิดปัญหาพื้นที่ทับซ้อนของทั้งสองฝ่ายในบริเวณที่เป็นที่ตั้งของตัวปราสาท โดยทั้งฝ่ายกัมพูชาและฝ่ายไทยได้ยินยอมให้มีการพิจารณาปัญหาดังกล่าวขึ้นที่ ศาลยุติธรรมระหว่างประเทศ (ศาลโลก) ณ กรุงเฮก ประเทศเนเธอร์แลนด์ ในปี พ.ศ. 2502\r\n\r\nคดีนี้ศาลโลกได้ตัดสินให้ตัวปราสาทเขาพระวิหารตกเป็นของกัมพูชา เมื่อวันที่ 15 มิถุนายน พ.ศ. 2505 ด้วยคะแนนเสียง 9 ต่อ 3 ท่ามกลางความไม่พอใจของฝ่ายไทย ซึ่งเห็นว่าศาลโลกตัดสินคดีนี้อย่างไม่ยุติธรรม เนื่องจากศาลโลกยึดติดอยู่บนแผนที่ฉบับเดียว โดยที่ศาลโลกมิได้มีการตรวจสอบสถานที่อย่างจริงจังตามข้อตกลงไทย-ฝรั่งเศส อย่างไรก็ตาม การตัดสินคดีครั้งนี้ไม่ได้แก้ปัญหาเรื่องอาณาเขตทับซ้อนระหว่างไทย-กัมพูชา ในบริเวณดังกล่าวให้หมดไป และยังคงเป็นปัญหาเรื้อรังต่อมาจนถึงปัจจุบัน\r\n', '2009-09-14', NULL, 0, 'admin2', 1),
(24, 5, 'Venice เวนิชมหานครบนผิวน้ำ', '\r\nเมืองเวนิช ประเทศอิตาลี เป็นเมืองที่มีชื่อเสียง\r\nที่คนไทยเรารู้จักคุ้นเคยกันดี เนื่องจากเมืองหลวงของเรา\r\nกรุงเทพมหานคร ได้รับฉายานามว่า เวนิชตะวันออก\r\nที่กรุงเทพได้รับการกล่าวขานว่าเป็นเมืองคู่แฝดกับเมืองเวนิชนั้น\r\nเป็นเพราะกรุงเทพเรามีลำคลองอยู่มากมาย\r\nในสมัยก่อนเก่าการเดินทางในกรุงเทพจึงใช้การเดินทางทางเรือ\r\nล่องไปตามลำคลองลัดเลาะไปทั่วกรุง ซึ่งคล้ายกับการเดินทางในเวนิช\r\nซึ่งในความเป็นจริงแล้วเวนิชแตกต่างจากกรุงเทพอยู่หลายประการ\r\nเมืองเวนิช เป็นเกาะเล็กๆในทะเล\r\nที่มีการสร้างเมืองต่อเติมตึกรามบ้านช่องขยายไปบนผิวน้ำ\r\nจนกลายเป็นเมืองขนาดย่อมและได้รับฉายาว่า มหานครบนผิวน้ำ\r\nการสัญจรไปมาระหว่างเมืองเวนิช\r\nและการเดินทางภายในตัวเมืองเวนิชเองจึงต้องอาศัยการเดินทางทางเรือ\r\nการเดินทางไปเมืองเวนิชจะเดินทางโดยใช้เรือใหญ่\r\nส่วนการสัญจรภายในเมืองเวนิชจะใช้เรือขนาดเล็ก\r\nเป็นเรือที่มีลักษณะเฉพาะเมืองเวนิชที่มีความสวยงามแปลกตา\r\nบ้านเมืองและตึกรามบ้านช่องในเมืองเวนิช\r\nก็คล้ายๆกับเมืองอื่นๆในอิตาลี ที่มีสีสรรสดใสงดงาม\r\nท่าเรือที่นักท่องเที่ยวส่วนใหญ่มาเทียบท่า\r\nก็อยู่ตรงจุดลานหน้าอนุสาวรีย์(ใครก็ไม่รู้ ชื่อจำยากจัง)\r\nเชื่อไหม มาเวนิช ต้องมาเดินลุยน้ำชมเมือง\r\nก็เพราะในยามที่น้ำทะเลหนุนขึ้นสูง เมืองเวนิชก็จะจมน้ำ\r\nเกิดเป็นน้ำทะเลท่วมเมือง บางครั้งสูงถึงเอวเลยทีเดียว\r\nจุดสำคัญๆที่นักท่องเที่ยวแวะมาเที่ยวชมกันก็คือ\r\nบริเวณโบสถ์หลวงประจำเมืองที่สวยงดงามแห่งนี้\r\n(หากสังเกตุที่พื้น จะสังเกตุเห็นน้ำทะเลที่เริ่มไหลเข้ามาท่วม)\r\nโบสถ์หลวงแห่งนี้มีขนาดไม่ใหญ่โตแต่ก็มีความงดงามเรียบง่ายเดินชมรอบๆตัวโบสถ์สัมผัสความสวยงาม\r\nรู้สึกสดชื่นจิตใจสงบนิ่งเหมือนได้ใกล้ชิดกับพระผู้เป็นเจ้าจุดท่องเที่ยวบนเกาะเวนิชที่สำคัญอีกอันนึงก็คือสะพานคาสโนวา\r\nซึ่งเป็นสะพานสั้นๆเชื่อมต่อระหว่างสองฝากอาคารที่มีลำคลองกั้นกลางและที่สำคัญมากๆที่นักท่องเที่ยวไม่ควรพลาด\r\nก็คือการล่องเรือพายชมบรรยากาศอันสวยงามของเมืองเวนิชครับ\r\nสินค้าของที่ระลึกที่ขึ้นชื่อของเมืองเวนิช ก็คือเครื่องแก้ว\r\nงานเครื่องแก้วที่มีชื่อเสียงรู้จักกันไปทั่ว ก็คืองาน ของช่างสกุลมูราโน่ภาพวาดสีน้ำที่แสดงถึงบรรยากาศวิวทิวทัศน์ของเมืองเวนิชก็จัดว่าเป็นของฝากที่มีคุณค่าน่าประทับใจเช่นกันครับ\r\nหน้ากากที่ใช้สวมใส่ในงานเฉลิมฉลองของเมืองเวนิช\r\nก็จัดได้ว่าสวยงามมีเอกลักษณ์โดดเด่นมากเลยทีเดียว\r\nหากๆเพื่อนๆมีโอกาสและเวลาก็ลองมาเที่ยวที่เมืองเวนิชนี้กันดู\r\nก็จะได้รับความประทับใจและบรรยากาศที่แตกต่างโดดเด่น\r\nซึ่งไม่เหมือนใคร ที่เวนิช มหานครบนผิวน้ำแห่งนี้\r\n\r\n\r\n\r\n\r\n\r\n\r\n\r\n\r\n', '2009-09-14', NULL, 1, 'admin2', 1);

-- --------------------------------------------------------

--
-- โครงสร้างตาราง `category`
--

CREATE TABLE IF NOT EXISTS `category` (
  `category` int(4) NOT NULL auto_increment,
  `name` varchar(75) NOT NULL,
  `detail` varchar(150) default NULL,
  PRIMARY KEY  (`category`)
) ENGINE=MyISAM  DEFAULT CHARSET=tis620 AUTO_INCREMENT=6 ;

--
-- dump ตาราง `category`
--

INSERT INTO `category` (`category`, `name`, `detail`) VALUES
(1, 'การศึกษา', 'ความรู้เบื้องต้นเกียวกับการศึกษา'),
(2, 'คอมพิวเตอร์', 'ความรู้เกี่ยวกับคอมพิวเตอร์'),
(3, 'การเขียนโปรแกรม', 'เทคนิคการเขียนโปรแกรม'),
(4, 'แจ้งปัญหา', 'แจ้งปัญหาการใช้งานต่าง ๆ ของเว็บบอร์ด'),
(5, 'เลื่อยเปื่อย', 'เลื่อยเปื่อย ไร้สาระไปวัน ๆ');

-- --------------------------------------------------------

--
-- โครงสร้างตาราง `comment`
--

CREATE TABLE IF NOT EXISTS `comment` (
  `comment` int(4) NOT NULL auto_increment,
  `webboard_id` int(4) NOT NULL,
  `detail` text NOT NULL,
  `post` varchar(50) NOT NULL,
  `member` int(4) NOT NULL,
  PRIMARY KEY  (`comment`)
) ENGINE=MyISAM  DEFAULT CHARSET=tis620 AUTO_INCREMENT=83 ;

--
-- dump ตาราง `comment`
--

INSERT INTO `comment` (`comment`, `webboard_id`, `detail`, `post`, `member`) VALUES
(73, 17, 'อยากได้มาเล่นสักตัวจังเลยครับ\r\n\r\nซื้อให้หน่อย ๆ ๆ ๆ', 'เต้น', 0),
(72, 16, 'นั่นสิ เสียชีวิตที่ไหนหว่า หุหุ', 'แวะผ่านมา', 0),
(71, 16, 'เสียชีวิตที่ไหนครับ\r\n\r\nอิอิ', 'admin', 1),
(74, 18, 'ผมก็เบื่อมากเลยครับ พวกที่ชอบสร้างไวรัสผ่าเผยแพร่กันอะครับ\r\n\r\nเบื่อ ๆ ๆๆ ๆ ', 'Test', 0),
(75, 18, 'แบบนี้ต้องหา anty Virus ดี ๆ มาลงเครื่องค่ะ\r\n\r\nเพื่อป้องกันการโดน Hack ค่ะ', 'ecomming', 1),
(76, 19, 'ไม่ชอบเอาซะเลยค่ะ  "หงส์แดง"\r\n\r\n\r\nสาวก เซลซี อิอิ', 'ecomming', 1),
(81, 21, 'สุดยอดเลย...มีตัวแอนตี้ป่าวคับ.....', 'admin2', 1),
(78, 19, 'ทีมนี้เม่งโคตรเทพเลย...ิอิอิอิ', 'toptap', 1),
(79, 18, 'ถ้ามีแล้วเอามากฝากบ้างนะคับ คุณ economic ...', 'toptap', 1),
(80, 22, 'ขอบคุณครับ จะลองศึกษาดูครับ คราวหน้าเอา For มาให้ดูด้วยนะ ', 'admin', 1),
(82, 22, 'เอา...Do...while...มาด้วยคับ....ไม่ค่อยเข้าใจอะคับ', 'admin2', 1);

-- --------------------------------------------------------

--
-- โครงสร้างตาราง `level`
--

CREATE TABLE IF NOT EXISTS `level` (
  `level_id` int(4) NOT NULL auto_increment,
  `level_name` varchar(50) NOT NULL,
  `detail` varchar(100) default NULL,
  PRIMARY KEY  (`level_id`)
) ENGINE=MyISAM  DEFAULT CHARSET=tis620 AUTO_INCREMENT=10 ;

--
-- dump ตาราง `level`
--

INSERT INTO `level` (`level_id`, `level_name`, `detail`) VALUES
(1, 'สิบตรี', 'นายสิบตรีทหารบก'),
(2, 'สิบโท', 'นายสิบโททหารน้ำ'),
(3, 'สิบเอก', 'นายสิบเอกทหารอากาศ'),
(4, 'ร้อยตรี', 'นายร้อยตรีทหารม้า'),
(5, 'ร้อยโท', 'นายร้อยโททหารเสือ'),
(6, 'ร้อยเอก', 'นายร้อยเอกทหารสื่อสาร'),
(7, 'พันตรี', 'นายพันตรีสารพัดช่างกองพัน'),
(8, 'พันโท', 'นายพันโททหารปืนใหญ่'),
(9, 'พันเอก', 'นายพันเอกโครตผู้บังคับบัญชาการ');

-- --------------------------------------------------------

--
-- โครงสร้างตาราง `member`
--

CREATE TABLE IF NOT EXISTS `member` (
  `user` varchar(50) NOT NULL,
  `level` int(4) NOT NULL default '1',
  `pass` varchar(50) NOT NULL,
  `name` varchar(50) NOT NULL,
  `date_member` varchar(20) NOT NULL,
  `address` varchar(150) NOT NULL,
  `email` varchar(50) NOT NULL,
  `tel` varchar(20) NOT NULL,
  `post` int(4) NOT NULL default '0',
  `ment` int(4) NOT NULL default '0',
  `img` varchar(20) NOT NULL,
  PRIMARY KEY  (`user`)
) ENGINE=MyISAM DEFAULT CHARSET=tis620;

--
-- dump ตาราง `member`
--

INSERT INTO `member` (`user`, `level`, `pass`, `name`, `date_member`, `address`, `email`, `tel`, `post`, `ment`, `img`) VALUES
('admin', 1, 'admin', 'สมชาย เสงี่ยมศักดิ์', '1989/10/31', '82/4 ต.ท่าโพธิ์ อ.เมือง จ.พิษณุโลก', 'admin@xvlnw.com', '0803480843', 13, 5, 'Takamine.png'),
('ecomming', 1, '1', 'วิราสินี สิรินันท์', '1996/09/12', 'บ้านป่าดง จ.การสิน', 'ecomming@hotmial.com', '', 0, 3, 'nopic.gif'),
('top', 1, '123', 'top', '2009/12/26', 'gdfgdfg', 'toptap_26@hotmail.com', '122321', 0, 0, 'nopic.gif'),
('toptap', 1, '0000', 'top', '2009/12/26', 'พิจิตร', 'toptap_26@hotmail.com', '0000000000', 2, 2, 'nopic.gif'),
('admin2', 1, 'admin2', 'tap', '2009/09/15', 'พิษณุโลก', 'toptap_26@hotmail.com', '0873607462', 2, 2, 'nopic.gif');
